user_id,user_name,user_email,subscription_status,subscribe_at,unsubscribe_at
1,Cynthia,cvasiljevic0@about.com,subscribed,2017-12-26,2018-03-28
2,Bron,bhuster1@dell.com,subscribed,2018-02-10,2018-09-03
3,Roldan,rhendrickx2@nymag.com,subscribed,2018-02-04,2017-10-12
4,Roselle,rsergent3@buzzfeed.com,subscribed,2018-03-05,2018-08-07
5,Finley,fofinan4@linkedin.com,subscribed,2018-05-04,2018-07-15
6,Hamlen,hfiddeman5@icq.com,subscribed,2017-11-06,2018-04-29
7,Dalli,dspatarul6@nyu.edu,subscribed,2018-04-29,2018-04-01
8,Anson,acuttles7@sakura.ne.jp,subscribed,2017-12-23,2018-05-16
9,Karl,kgodson8@noaa.gov,subscribed,2018-07-11,2017-12-17
10,Addy,aerrey9@parallels.com,subscribed,2018-04-04,2018-01-19
11,Georas,gbransoma@flickr.com,subscribed,2018-02-02,2018-06-19
12,Christiane,cghilksb@sakura.ne.jp,subscribed,2018-09-14,2018-02-16
13,Obadias,ocaineyc@psu.edu,subscribed,2018-08-09,2018-09-19
14,Domenic,drewbottomd@uiuc.edu,subscribed,2018-03-23,2018-08-04
15,Mohammed,mfacere@craigslist.org,subscribed,2017-10-28,2018-07-11
16,Mendy,mfeldbauf@clickbank.net,subscribed,2018-07-11,2018-08-23
17,Yuma,ytyroneg@bbb.org,subscribed,2018-03-25,2018-09-12
18,Sholom,saymerichh@shop-pro.jp,subscribed,2018-05-29,2018-08-03
19,Jordanna,jivachyovi@bravesites.com,subscribed,2017-11-04,2017-12-03
20,Simonette,sceschij@businessinsider.com,subscribed,2017-11-26,2018-02-20
21,Phaedra,pdomenichinik@utexas.edu,subscribed,2018-03-28,2018-03-16
22,Fairlie,fairthl@reddit.com,unsubscribed,2018-01-24,2018-03-24
23,Oswald,oniesingm@blinklist.com,unsubscribed,2018-03-15,2018-08-01
24,Jesselyn,jmarnesn@pbs.org,unsubscribed,2018-08-15,2018-04-29
25,Bernelle,bcrabo@ucsd.edu,unsubscribed,2018-06-25,2018-01-16
26,Justine,jsarjentp@intel.com,unsubscribed,2017-11-16,2018-02-16
27,Eldon,eyurinovq@woothemes.com,unsubscribed,2018-03-06,2017-10-14
28,Karlik,kdurwardr@blogtalkradio.com,unsubscribed,2018-08-15,2017-12-20
29,Andy,awrathalls@bandcamp.com,unsubscribed,2018-04-11,2018-03-07
30,Vaughn,vsantorinit@imgur.com,unsubscribed,2018-04-19,2018-07-02
31,Huntley,htrinkwonu@yolasite.com,unsubscribed,2017-11-13,2018-05-10
32,Currie,cspehrv@ted.com,unsubscribed,2018-06-04,2018-06-24
33,Brit,bgillbardw@weebly.com,unsubscribed,2018-09-12,2018-06-02
34,Burg,bsummonsx@free.fr,unsubscribed,2018-06-23,2018-04-27
35,Stevena,smarchbanky@stanford.edu,unsubscribed,2018-09-21,2017-11-29
36,Cariotta,cfeldonz@bloomberg.com,unsubscribed,2018-07-24,2018-09-03
37,Ki,kdinan10@cnbc.com,unsubscribed,2017-12-02,2018-02-21
38,Scotti,shalshaw11@geocities.jp,unsubscribed,2017-12-15,2018-09-08
39,Fidelia,ftissell12@hud.gov,unsubscribed,2018-05-21,2018-09-26
40,Brunhilde,bpryde13@unc.edu,unsubscribed,2018-03-13,2018-07-13
41,Timothea,taldiss14@mayoclinic.com,unsubscribed,2018-09-14,2018-05-29
42,Margarette,mrishworth15@mit.edu,unsubscribed,2018-03-02,2018-07-19
43,Hestia,hrusbridge16@dropbox.com,unsubscribed,2018-03-08,2018-01-15
44,Pernell,pdolbey17@reference.com,unsubscribed,2018-01-20,2017-11-24
45,Shem,swhittle18@noaa.gov,unsubscribed,2018-05-11,2018-03-01
46,Abbe,awalak19@friendfeed.com,unsubscribed,2018-01-29,2018-06-03
47,Murdock,mbunten1a@hostgator.com,unsubscribed,2018-01-20,2017-11-28
48,Dallon,dsnelle1b@tumblr.com,unsubscribed,2018-01-04,2018-07-01
49,Vanny,vmoutrayread1c@archive.org,unsubscribed,2018-01-06,2017-11-28
50,Sybyl,smeo1d@themeforest.net,unsubscribed,2018-08-26,2017-11-09
51,Donetta,dhold1e@mapy.cz,unsubscribed,2017-11-15,2018-07-22
52,Ben,btuison1f@tinypic.com,unsubscribed,2018-06-10,2017-10-11
53,Harriette,hdragge1g@stanford.edu,unsubscribed,2018-03-15,2018-07-13
54,Dagmar,dskaife1h@seesaa.net,unsubscribed,2018-02-13,2018-05-13
55,Ariel,ablacklidge1i@nhs.uk,unsubscribed,2018-02-18,2017-12-09
56,Adoree,aohlsen1j@businessweek.com,unsubscribed,2018-09-26,2017-11-23
57,Bale,bbrilleman1k@51.la,unsubscribed,2018-03-04,2017-12-23
58,Earle,enystrom1l@soup.io,unsubscribed,2018-04-23,2018-09-09
59,Flore,flynas1m@furl.net,unsubscribed,2017-10-08,2018-07-04
60,Hermy,hleipold1n@cyberchimps.com,unsubscribed,2017-11-27,2018-09-23
61,Romona,rivakhnov1o@google.es,unsubscribed,2018-07-25,2018-01-31
62,Kitty,ktackley1p@nhs.uk,unsubscribed,2018-06-07,2017-12-25
63,Norby,narpino1q@about.me,unsubscribed,2017-10-10,2018-01-04
64,Martynne,marbon1r@abc.net.au,unsubscribed,2017-11-15,2018-01-19
65,Nicolette,nbockmann1s@feedburner.com,unsubscribed,2018-09-01,2018-09-22
66,Devland,dmogridge1t@narod.ru,unsubscribed,2017-11-20,2018-05-25
67,Delia,dbrittian1u@nasa.gov,unsubscribed,2018-03-16,2018-08-16
68,Jard,jcreelman1v@facebook.com,unsubscribed,2018-04-11,2017-12-24
69,Camel,cbuessen1w@google.com.au,unsubscribed,2017-12-15,2017-11-20
70,Lon,lilson1x@mapquest.com,unsubscribed,2018-07-09,2017-10-16
71,Dyanna,dosorio1y@is.gd,unsubscribed,2018-07-30,2018-01-28
72,Marthe,mpapaccio1z@jigsy.com,unsubscribed,2018-06-28,2018-07-20
73,Woodie,wregan20@archive.org,unsubscribed,2018-03-27,2018-07-16
74,Sallie,srothera21@uiuc.edu,unsubscribed,2018-02-07,2017-12-14
75,Lindon,lodowd22@csmonitor.com,unsubscribed,2018-07-29,2017-10-16
76,Israel,iashe23@webmd.com,unsubscribed,2018-05-26,2018-05-14
77,Arlee,alambkin24@admin.ch,unsubscribed,2017-10-29,2018-06-23
78,Berthe,bdunlap25@ow.ly,unsubscribed,2018-04-05,2018-06-30
79,Paolo,pclarae26@senate.gov,subscribed,2017-11-21,2017-11-09
80,Ashlin,alattka27@census.gov,subscribed,2018-06-20,2018-09-23
81,Amber,afautly28@gmpg.org,subscribed,2018-08-12,2018-06-11
82,Bette,bskittreal29@hp.com,subscribed,2018-08-11,2018-07-04
83,Elva,emoulsdall2a@mlb.com,subscribed,2017-10-26,2018-07-03
84,Roxi,rmedland2b@so-net.ne.jp,subscribed,2018-01-02,2018-09-19
85,Dimitry,dosbidston2c@printfriendly.com,subscribed,2018-04-28,2018-07-07
86,Tracy,tpyecroft2d@multiply.com,subscribed,2018-01-19,2017-10-30
87,Johann,jsalle2e@nih.gov,subscribed,2018-01-15,2017-10-07
88,Beck,bkinnar2f@mit.edu,subscribed,2018-08-08,2018-05-08
89,Tailor,tcutts2g@illinois.edu,subscribed,2018-02-27,2018-06-04
90,Nicolina,northmann2h@reverbnation.com,subscribed,2017-12-31,2018-01-04
91,Olga,ofarryan2i@dot.gov,subscribed,2018-01-20,2018-03-19
92,Ivory,idungey2j@soundcloud.com,subscribed,2018-02-26,2018-07-15
93,Neely,nflooks2k@themeforest.net,subscribed,2018-03-17,2018-07-14
94,Jim,jpattlel2l@quantcast.com,subscribed,2018-07-02,2018-07-15
95,Dagmar,ddicke2m@mozilla.org,subscribed,2018-03-08,2018-08-24
96,Issi,iancell2n@vkontakte.ru,subscribed,2018-06-19,2018-06-01
97,Cort,ccraggs2o@merriam-webster.com,subscribed,2018-07-24,2017-11-02
98,Lynnell,lduckerin2p@pinterest.com,subscribed,2018-01-21,2017-12-03
99,Markos,mhathorn2q@sakura.ne.jp,subscribed,2018-09-02,2017-11-10
100,Ulrica,uhendrichs2r@fema.gov,unsubscribed,2018-07-28,2018-05-22
101,Rancell,rsteckings2s@admin.ch,unsubscribed,2018-08-04,2018-08-13
102,Lewes,ltomaszynski2t@scribd.com,unsubscribed,2017-11-25,2018-08-10
103,Bobbie,bbloy2u@marketwatch.com,unsubscribed,2018-03-18,2018-01-26
104,Haily,hwasson2v@hp.com,unsubscribed,2018-08-30,2018-07-17
105,Marena,mhiddsley2w@wordpress.com,unsubscribed,2017-11-15,2018-03-12
106,Becki,bbrabin2x@yellowpages.com,unsubscribed,2017-12-12,2017-12-27
107,Sophia,smcmenamin2y@booking.com,unsubscribed,2018-05-01,2018-04-28
108,Luelle,lmcgebenay2z@spiegel.de,unsubscribed,2018-08-04,2017-12-22
109,Georgie,gmerill30@hao123.com,unsubscribed,2018-04-16,2018-06-06
110,Lazarus,ltythacott31@jiathis.com,unsubscribed,2018-08-31,2018-02-26
111,Orrin,ojephson32@ameblo.jp,unsubscribed,2017-12-05,2018-05-31
112,Brier,bleindecker33@ehow.com,unsubscribed,2018-08-02,2018-05-05
113,Scotti,sfardoe34@nyu.edu,unsubscribed,2017-10-06,2017-12-20
114,Hieronymus,halbro35@stumbleupon.com,unsubscribed,2018-06-23,2018-08-12
115,Gerri,gkundt36@phpbb.com,unsubscribed,2018-04-05,2018-09-02
116,Florence,fsimonard37@noaa.gov,unsubscribed,2018-03-03,2017-11-18
117,Paolo,pambroz38@ezinearticles.com,unsubscribed,2018-03-17,2017-10-07
118,Dehlia,dmorrad39@walmart.com,unsubscribed,2017-12-19,2017-12-07
119,Davidde,dfitt3a@dmoz.org,unsubscribed,2018-09-22,2018-08-19
120,Dannie,dspeariett3b@adobe.com,unsubscribed,2017-12-26,2018-03-26
121,Berni,bgingle3c@tumblr.com,unsubscribed,2018-03-31,2018-09-21
122,Tamar,tsewill3d@blogspot.com,unsubscribed,2018-03-25,2018-01-18
123,Arlana,agibbe3e@taobao.com,unsubscribed,2018-05-15,2018-06-04
124,Shay,sclemson3f@tamu.edu,unsubscribed,2018-01-28,2018-02-18
125,Virgie,vfillon3g@cdbaby.com,unsubscribed,2018-06-28,2018-07-19
126,Culver,ccraigs3h@vkontakte.ru,unsubscribed,2018-07-10,2018-08-28
127,Bord,bdicey3i@comcast.net,unsubscribed,2017-10-18,2017-10-27
128,Carlos,csive3j@google.es,unsubscribed,2018-08-27,2018-01-03
129,Petronia,pjessopp3k@ox.ac.uk,unsubscribed,2018-08-29,2017-10-03
130,Livvie,lwordesworth3l@latimes.com,unsubscribed,2018-09-28,2018-04-21
131,Shellysheldon,skeesman3m@nifty.com,unsubscribed,2017-12-25,2018-09-02
132,Inez,iseedhouse3n@marriott.com,unsubscribed,2017-12-15,2017-10-01
133,Miguela,mclace3o@cornell.edu,unsubscribed,2018-01-26,2018-08-26
134,Cullin,cdaykin3p@discovery.com,unsubscribed,2018-01-17,2018-08-09
135,Rabbi,rflowitt3q@epa.gov,unsubscribed,2018-03-07,2018-08-10
136,Dianemarie,dwollen3r@ted.com,unsubscribed,2018-01-12,2018-02-04
137,Reube,rgibbe3s@cbsnews.com,unsubscribed,2018-02-17,2018-08-14
138,Nikolos,nmcnulty3t@jalbum.net,unsubscribed,2018-09-06,2018-01-17
139,Marina,mmacaskill3u@pbs.org,unsubscribed,2017-10-03,2018-05-18
140,Letta,ldonnersberg3v@ibm.com,unsubscribed,2018-06-27,2017-12-27
141,Maryanna,mwaber3w@dailymail.co.uk,unsubscribed,2018-05-25,2018-07-19
142,Nance,ngullefant3x@jimdo.com,unsubscribed,2017-10-22,2018-02-04
143,Rhianon,rsoldner3y@ibm.com,unsubscribed,2017-12-16,2018-08-17
144,Ellerey,egottschalk3z@seattletimes.com,unsubscribed,2017-12-25,2018-07-17
145,Hugo,hcandey40@nasa.gov,unsubscribed,2018-04-09,2017-12-21
146,Denyse,dlark41@google.fr,unsubscribed,2018-04-25,2018-02-24
147,Rurik,rsalters42@yahoo.com,unsubscribed,2017-12-25,2018-01-30
148,Josi,jattenborough43@berkeley.edu,unsubscribed,2017-10-28,2017-10-12
149,Mikael,mokane44@arizona.edu,unsubscribed,2018-01-08,2017-12-15
150,Hank,hcrandon45@hatena.ne.jp,unsubscribed,2017-11-16,2017-10-17
151,Devondra,dpuddin46@youtu.be,unsubscribed,2018-05-11,2018-04-01
152,Angel,aspendley47@themeforest.net,unsubscribed,2017-12-23,2018-02-26
153,Glen,gbrookzie48@toplist.cz,unsubscribed,2017-12-22,2018-08-27
154,Jamie,jkleinber49@comsenz.com,unsubscribed,2018-01-11,2017-11-03
155,Celina,cgoodchild4a@examiner.com,unsubscribed,2018-02-26,2018-02-27
156,Gayle,ggranham4b@ocn.ne.jp,unsubscribed,2018-03-14,2018-08-18
157,Verney,vcattow4c@dailymail.co.uk,unsubscribed,2017-10-04,2018-09-08
158,Lurette,lhamly4d@skyrock.com,unsubscribed,2018-03-06,2018-04-16
159,Lorelei,lthrelkeld4e@macromedia.com,unsubscribed,2018-08-30,2018-04-05
160,Shane,sofer4f@scientificamerican.com,unsubscribed,2018-08-08,2017-12-26
161,Hanson,hnarbett4g@symantec.com,unsubscribed,2018-09-12,2018-09-21
162,Konstantine,khaine4h@netlog.com,unsubscribed,2017-11-24,2018-09-21
163,Adda,aoganesian4i@cbslocal.com,unsubscribed,2017-12-08,2017-10-16
164,Cookie,cgiovannacci4j@purevolume.com,unsubscribed,2018-08-18,2018-09-24
165,May,mlown4k@naver.com,unsubscribed,2017-12-11,2018-06-15
166,Parker,pphillipps4l@shop-pro.jp,unsubscribed,2018-06-06,2017-11-02
167,Nydia,nkneal4m@mapquest.com,unsubscribed,2018-05-25,2018-04-16
168,Demetre,dblasik4n@geocities.jp,unsubscribed,2018-01-19,2017-12-14
169,Evin,ependle4o@sciencedaily.com,unsubscribed,2018-04-16,2018-09-22
170,Jose,jcozzi4p@prlog.org,unsubscribed,2018-03-09,2017-11-25
171,Devlen,dlaverenz4q@umich.edu,unsubscribed,2018-03-01,2018-06-21
172,Aretha,awreight4r@wikia.com,unsubscribed,2018-03-09,2018-08-26
173,Carmencita,cbryson4s@sourceforge.net,unsubscribed,2018-02-24,2018-07-20
174,Jozef,jlinton4t@mac.com,unsubscribed,2018-03-18,2018-05-29
175,Auroora,abeven4u@cbc.ca,unsubscribed,2017-11-21,2018-01-27
176,Tedie,tpickervance4v@cbsnews.com,unsubscribed,2018-09-03,2018-03-27
177,Adlai,ashercliff4w@jimdo.com,unsubscribed,2018-01-15,2018-05-22
178,Franciskus,ffosse4x@japanpost.jp,unsubscribed,2018-05-15,2017-11-22
179,Ugo,ugipp4y@zdnet.com,unsubscribed,2018-08-11,2018-01-29
180,Junie,jcostard4z@cnn.com,subscribed,2018-06-30,2018-08-04
181,Jerry,jrykert50@imageshack.us,subscribed,2018-06-24,2018-02-02
182,Burnard,bshemmans51@indiegogo.com,subscribed,2018-09-02,2018-06-26
183,Morna,mdenyukin52@abc.net.au,subscribed,2018-08-09,2018-02-07
184,Haydon,hjeffels53@about.com,subscribed,2018-08-13,2018-05-08
185,Felita,fjakubovsky54@businessinsider.com,subscribed,2017-10-31,2018-02-24
186,Ferdinande,fbrome55@wsj.com,subscribed,2018-03-30,2018-06-12
187,Auberon,arenad56@creativecommons.org,subscribed,2018-09-20,2017-10-07
188,Spense,semney57@multiply.com,subscribed,2018-03-22,2018-05-29
189,Vinny,vcutill58@timesonline.co.uk,subscribed,2018-06-24,2018-09-24
190,Natal,nrasch59@xinhuanet.com,subscribed,2018-07-01,2018-03-21
191,Edwin,eperchard5a@goo.gl,subscribed,2018-09-19,2017-11-12
192,Celestina,cdrinan5b@berkeley.edu,subscribed,2018-07-31,2018-06-02
193,Son,shuxham5c@examiner.com,subscribed,2018-06-19,2018-05-12
194,Natka,ncello5d@lycos.com,subscribed,2017-11-24,2018-04-24
195,Constantino,cbyatt5e@hexun.com,subscribed,2017-11-11,2018-05-09
196,Florida,fchene5f@earthlink.net,subscribed,2018-08-18,2018-09-09
197,Rozalin,rkeirl5g@dyndns.org,subscribed,2018-04-02,2017-12-27
198,Cobby,cgough5h@stumbleupon.com,subscribed,2018-07-07,2018-07-01
199,Ardeen,adrysdell5i@uol.com.br,subscribed,2017-11-24,2018-02-05
200,Gerianna,gmoodie5j@yellowpages.com,subscribed,2018-06-07,2018-05-19
201,Monte,mcawtheray5k@shutterfly.com,subscribed,2017-11-07,2018-01-03
202,Sergeant,sbraddock5l@addtoany.com,subscribed,2018-09-22,2018-01-20
203,Justine,jdowse5m@fastcompany.com,subscribed,2018-02-22,2017-11-07
204,Paddie,plabbet5n@cdbaby.com,subscribed,2017-12-13,2018-09-02
205,Jackquelin,jchesterman5o@behance.net,subscribed,2018-03-16,2018-08-28
206,Annecorinne,adabney5p@posterous.com,subscribed,2018-05-02,2018-02-19
207,Linzy,linett5q@linkedin.com,subscribed,2018-05-01,2017-10-18
208,Elke,estubbley5r@forbes.com,subscribed,2018-03-25,2018-09-08
209,Timothy,tmessham5s@shareasale.com,subscribed,2017-11-24,2018-05-21
210,Paddy,pbafford5t@nbcnews.com,subscribed,2018-01-10,2018-05-21
211,Philbert,plaite5u@sourceforge.net,subscribed,2018-05-09,2018-07-29
212,Shalom,smallan5v@va.gov,subscribed,2018-07-18,2017-11-10
213,Carlin,cstaff5w@1688.com,subscribed,2018-09-10,2017-10-07
214,Regan,rnetley5x@sourceforge.net,subscribed,2018-06-27,2018-09-03
215,Ignazio,icartman5y@twitter.com,subscribed,2018-02-21,2018-04-25
216,Ryun,rmattiello5z@ft.com,subscribed,2018-01-31,2018-04-18
217,Lexine,lcouzens60@webnode.com,subscribed,2018-07-26,2018-03-11
218,Yanaton,yslayton61@sohu.com,subscribed,2017-12-10,2018-07-13
219,Elmore,epawlowicz62@cnn.com,subscribed,2018-02-27,2018-03-20
220,Faun,fbrazener63@soundcloud.com,subscribed,2018-01-12,2018-02-13
221,Amery,awassell64@themeforest.net,subscribed,2017-11-03,2018-04-03
222,Berrie,balleway65@indiegogo.com,subscribed,2018-08-08,2018-09-16
223,Antonio,agaitskill66@wp.com,subscribed,2018-09-22,2017-10-07
224,Petey,pgeaves67@nih.gov,subscribed,2018-06-16,2017-10-31
225,Lilith,lhelsby68@timesonline.co.uk,subscribed,2018-07-03,2018-03-02
226,Ephraim,eanstey69@dot.gov,subscribed,2017-10-29,2018-07-19
227,Aurore,ahamill6a@oakley.com,subscribed,2018-03-16,2018-04-07
228,Rockey,rgarnam6b@storify.com,subscribed,2018-08-23,2017-11-12
229,Hiram,hainscough6c@sakura.ne.jp,subscribed,2017-10-13,2018-08-26
230,Rosalinde,rjakubovits6d@wp.com,subscribed,2018-04-27,2018-02-20
231,Salvidor,slishmund6e@amazon.com,subscribed,2018-07-11,2018-01-30
232,Wally,wstivers6f@example.com,subscribed,2018-05-09,2018-03-07
233,Robinett,rearwicker6g@dell.com,subscribed,2018-06-19,2018-08-01
234,Emelda,eglacken6h@webnode.com,subscribed,2018-08-16,2017-12-10
235,Pierrette,pfarlowe6i@globo.com,subscribed,2017-11-28,2018-08-29
236,Lucie,lyushmanov6j@biblegateway.com,subscribed,2017-11-25,2018-08-09
237,Simone,sboocock6k@nyu.edu,subscribed,2017-12-17,2018-05-15
238,Jackie,jorritt6l@ebay.co.uk,subscribed,2018-04-20,2018-05-09
239,Shadow,slindberg6m@utexas.edu,subscribed,2018-06-28,2017-10-27
240,Lotty,lvandervelde6n@hexun.com,subscribed,2017-10-10,2017-10-02
241,Aldo,asawnwy6o@purevolume.com,subscribed,2017-10-17,2018-02-20
242,Dalia,dcrum6p@google.com,subscribed,2018-01-14,2017-12-21
243,Arther,azavattero6q@ocn.ne.jp,subscribed,2018-02-05,2018-05-24
244,Abra,amcghie6r@sbwire.com,subscribed,2018-04-30,2018-06-30
245,Joly,jmacdermid6s@gmpg.org,subscribed,2018-03-04,2018-05-20
246,Shanna,sgolda6t@goo.gl,subscribed,2018-04-23,2017-11-09
247,Faulkner,ffullbrook6u@1und1.de,subscribed,2018-09-04,2018-01-28
248,Emera,ezuanazzi6v@home.pl,subscribed,2018-02-22,2018-01-25
249,Khalil,kjaume6w@ameblo.jp,subscribed,2018-03-28,2017-10-31
250,Lyndsey,lales6x@mit.edu,subscribed,2018-04-25,2018-05-09
251,Janifer,jvlasin6y@marketwatch.com,subscribed,2018-07-11,2018-02-24
252,Jecho,jploughwright6z@prlog.org,subscribed,2017-12-05,2018-07-17
253,Sigismund,sdogerty70@state.tx.us,subscribed,2018-01-01,2018-02-15
254,Evvy,efairhurst71@blog.com,subscribed,2018-03-02,2017-10-19
255,Robb,rkevern72@pinterest.com,subscribed,2018-02-05,2018-04-26
256,Hi,hlindsay73@adobe.com,subscribed,2018-06-19,2018-01-27
257,Glenden,garchbald74@wikipedia.org,subscribed,2017-11-08,2018-03-13
258,Marten,mstuchberry75@nationalgeographic.com,subscribed,2018-07-29,2018-04-08
259,Eli,eaddeycott76@nsw.gov.au,subscribed,2018-02-17,2018-02-21
260,Mar,mparriss77@buzzfeed.com,subscribed,2017-11-02,2017-10-06
261,Goldy,gruspine78@hatena.ne.jp,subscribed,2018-02-14,2018-03-15
262,Richardo,rbushen79@washingtonpost.com,subscribed,2017-11-16,2018-09-07
263,Pet,pbentall7a@plala.or.jp,subscribed,2018-01-30,2018-01-21
264,Bogart,bmckune7b@vinaora.com,subscribed,2017-10-10,2018-08-15
265,Sayers,sarlow7c@flickr.com,subscribed,2018-01-11,2018-04-12
266,Oralle,oklesl7d@cafepress.com,subscribed,2018-05-04,2018-03-05
267,Jonathan,jjest7e@tinypic.com,subscribed,2017-12-24,2018-02-25
268,Jesse,jberlin7f@microsoft.com,subscribed,2017-12-14,2017-12-31
269,Rina,rzelley7g@ucoz.com,subscribed,2017-12-19,2017-11-26
270,Ed,ebrezlaw7h@1und1.de,subscribed,2017-10-10,2018-09-24
271,Selia,sborland7i@google.de,subscribed,2018-04-13,2018-04-29
272,Lyssa,loxlee7j@squidoo.com,subscribed,2018-04-16,2018-06-29
273,Sancho,spurves7k@cpanel.net,subscribed,2017-10-08,2017-12-14
274,Maye,mshelvey7l@com.com,subscribed,2018-09-07,2018-03-12
275,Darn,dtoun7m@alexa.com,subscribed,2018-04-24,2018-01-10
276,Rozina,rdulany7n@addthis.com,subscribed,2018-01-04,2018-03-21
277,Byron,bwybrew7o@scientificamerican.com,subscribed,2018-04-29,2018-08-17
278,Sandy,sdunseith7p@people.com.cn,subscribed,2017-11-23,2018-03-09
279,Albertina,agiorgi7q@japanpost.jp,subscribed,2017-11-06,2018-08-10
280,Avrit,astiegars7r@nymag.com,subscribed,2018-06-15,2018-03-16
281,Urbano,ustonhouse7s@freewebs.com,subscribed,2018-08-16,2018-03-07
282,Kaela,kkamien7t@skyrock.com,subscribed,2018-01-16,2018-04-27
283,Christiane,ckrug7u@acquirethisname.com,subscribed,2018-05-28,2018-08-18
284,Luise,ldumphry7v@uol.com.br,subscribed,2018-02-21,2018-04-07
285,Sheffie,sfishpool7w@weather.com,subscribed,2017-10-03,2017-12-22
286,Wye,wgrivori7x@goo.ne.jp,subscribed,2018-07-23,2018-07-21
287,Eilis,elaurenson7y@thetimes.co.uk,subscribed,2017-10-02,2018-08-21
288,Vin,vwestfrimley7z@studiopress.com,subscribed,2018-05-06,2018-08-29
289,Lurlene,ltrenear80@go.com,subscribed,2018-01-21,2018-04-06
290,Farica,fjeannet81@last.fm,subscribed,2018-07-17,2018-02-15
291,Ginnie,ggostyke82@google.es,subscribed,2018-01-07,2018-06-04
292,Lizabeth,lmccloughen83@google.co.uk,subscribed,2018-07-15,2018-02-09
293,Dena,dforrington84@examiner.com,subscribed,2018-07-31,2018-02-26
294,Francine,fbragge85@bing.com,subscribed,2018-01-01,2018-02-18
295,Laurie,lbeneyto86@mail.ru,subscribed,2017-11-16,2018-04-11
296,Nanine,nladewig87@trellian.com,subscribed,2018-01-19,2018-07-11
297,Seamus,shodcroft88@dion.ne.jp,subscribed,2018-07-17,2017-11-23
298,Prince,pmanueau89@google.com.hk,subscribed,2018-08-31,2018-01-12
299,Belvia,bmacardle8a@canalblog.com,subscribed,2018-04-11,2018-08-02
300,Arvin,astrond8b@adobe.com,subscribed,2017-11-27,2018-02-21
301,Bendix,butridge8c@europa.eu,subscribed,2017-12-10,2018-03-17
302,Corissa,chaglington8d@newyorker.com,subscribed,2018-05-26,2018-05-06
303,Klemens,koels8e@naver.com,subscribed,2018-06-18,2017-12-24
304,Son,sfigge8f@ed.gov,subscribed,2017-11-10,2018-01-24
305,Jedediah,jdruce8g@biblegateway.com,subscribed,2017-11-01,2018-04-11
306,Godfree,gtapin8h@gravatar.com,subscribed,2018-04-12,2017-11-18
307,Mace,maddinall8i@yale.edu,subscribed,2018-04-01,2018-01-28
308,Lockwood,lshimoni8j@ed.gov,subscribed,2017-12-26,2018-09-20
309,Darin,dstickford8k@cnbc.com,subscribed,2018-07-09,2017-10-05
310,Lucais,lfullager8l@unicef.org,subscribed,2018-03-25,2018-04-26
311,Christophorus,cdwyr8m@godaddy.com,subscribed,2018-01-08,2018-04-20
312,Konstanze,kshowalter8n@independent.co.uk,subscribed,2017-11-04,2018-07-24
313,Therese,tsooley8o@sohu.com,subscribed,2017-10-14,2018-07-11
314,Chelsey,cspreull8p@1und1.de,subscribed,2018-09-24,2018-05-02
315,Tonnie,tdermott8q@chronoengine.com,subscribed,2018-07-26,2018-06-07
316,Petra,pannett8r@geocities.com,subscribed,2018-01-04,2018-09-03
317,Miquela,mgawkes8s@yellowbook.com,subscribed,2018-03-26,2017-10-29
318,Eadmund,eshemmans8t@free.fr,subscribed,2018-08-11,2018-01-12
319,Aylmar,abramble8u@apple.com,subscribed,2018-02-17,2018-07-10
320,Florri,fsighard8v@yale.edu,subscribed,2018-05-04,2018-02-03
321,Murdoch,mgebb8w@slate.com,subscribed,2017-11-23,2017-11-08
322,Cori,cleonardi8x@pinterest.com,subscribed,2017-11-09,2018-08-28
323,Hatti,hcoughan8y@so-net.ne.jp,subscribed,2018-01-04,2018-05-01
324,Chaunce,ckindle8z@huffingtonpost.com,subscribed,2018-06-18,2018-04-23
325,Bibbye,bhulcoop90@hubpages.com,subscribed,2018-03-23,2018-02-27
326,Denys,drobarts91@xrea.com,subscribed,2018-07-22,2018-03-01
327,Shell,smaryman92@usgs.gov,subscribed,2017-12-07,2018-05-29
328,Delcine,dcastagna93@wunderground.com,subscribed,2018-06-03,2017-11-29
329,Maddalena,mpremble94@twitpic.com,subscribed,2018-03-09,2017-12-07
330,Franciska,fsmitheman95@barnesandnoble.com,subscribed,2018-07-11,2017-11-25
331,Cory,chabeshaw96@youku.com,subscribed,2017-10-03,2018-02-15
332,Mata,mstonary97@google.com,subscribed,2018-06-12,2018-09-19
333,Brien,boilier98@shutterfly.com,subscribed,2018-02-26,2018-07-06
334,Rudyard,rdrivers99@tmall.com,subscribed,2018-02-11,2017-11-02
335,Lynda,lgritskov9a@trellian.com,subscribed,2018-04-20,2018-05-15
336,Geoffrey,ghussy9b@google.cn,subscribed,2018-01-15,2018-09-02
337,Noll,nhimsworth9c@wikipedia.org,subscribed,2018-09-12,2018-03-10
338,Abeu,amouat9d@oakley.com,subscribed,2018-06-16,2018-04-06
339,Katee,kdevote9e@bloglines.com,subscribed,2018-07-21,2018-07-08
340,Banky,bshowalter9f@nyu.edu,subscribed,2018-07-22,2018-04-03
341,Lin,lzukerman9g@virginia.edu,subscribed,2017-11-15,2017-12-15
342,Arleen,aesposita9h@shop-pro.jp,subscribed,2018-05-16,2018-01-16
343,Keene,kgilffillan9i@apache.org,subscribed,2018-08-12,2018-05-10
344,Dougy,dwitheridge9j@diigo.com,subscribed,2017-12-10,2017-11-02
345,Andee,acorcoran9k@yahoo.co.jp,subscribed,2018-01-08,2017-11-29
346,Seumas,svaz9l@homestead.com,subscribed,2018-02-07,2018-02-28
347,Kelby,kdugan9m@wiley.com,subscribed,2018-07-15,2018-04-29
348,Rudolf,rfuzzey9n@com.com,subscribed,2018-02-15,2018-08-28
349,Alicia,amart9o@bigcartel.com,subscribed,2018-06-26,2018-06-19
350,Harriot,hcolbert9p@mapquest.com,subscribed,2017-12-22,2017-11-23
351,Jemima,jcalladine9q@google.cn,subscribed,2017-12-16,2018-01-24
352,Randell,rroffey9r@discuz.net,subscribed,2018-02-17,2017-10-13
353,Daryl,dtrevenu9s@w3.org,subscribed,2018-08-14,2018-07-25
354,Micky,mbrugemann9t@opera.com,subscribed,2017-12-04,2017-10-13
355,Camellia,crobbie9u@examiner.com,subscribed,2018-07-13,2018-06-19
356,Cathyleen,cadan9v@purevolume.com,subscribed,2018-03-31,2018-03-20
357,Mathew,mbindon9w@artisteer.com,subscribed,2018-04-22,2018-07-25
358,Siobhan,schalmers9x@rakuten.co.jp,subscribed,2017-12-16,2018-03-08
359,Igor,ibragg9y@alibaba.com,subscribed,2018-06-19,2018-03-16
360,Honor,hjessop9z@networksolutions.com,subscribed,2018-06-01,2017-11-12
361,Glenna,gdownsea0@ning.com,subscribed,2018-01-12,2017-12-04
362,Al,abilbeea1@sourceforge.net,subscribed,2018-02-23,2018-07-11
363,Meredeth,mosullivana2@ycombinator.com,subscribed,2018-07-02,2018-08-12
364,Cazzie,clunama3@cnbc.com,subscribed,2018-08-14,2017-12-14
365,Mannie,mpynna4@mlb.com,subscribed,2018-01-20,2018-06-28
366,Shaine,stomaschkea5@pinterest.com,subscribed,2018-02-27,2018-06-29
367,Keslie,kmapholma6@bizjournals.com,subscribed,2018-04-29,2018-02-12
368,Ax,abenezeta7@plala.or.jp,subscribed,2018-09-03,2018-06-30
369,Maddie,mlarivea8@comcast.net,subscribed,2017-10-02,2018-02-17
370,Eugenio,ebarrouxa9@ed.gov,subscribed,2017-11-09,2018-06-09
371,Massimo,mdinsdaleaa@wired.com,subscribed,2018-02-10,2018-04-22
372,Angeli,aknightsab@washington.edu,subscribed,2018-04-19,2018-06-09
373,Coraline,cdrysdaleac@wordpress.org,subscribed,2018-05-10,2018-08-21
374,Silvain,sruddickad@networksolutions.com,subscribed,2018-05-15,2017-10-21
375,Catherin,cboydellae@answers.com,subscribed,2018-05-02,2018-04-28
376,Hall,hbruntonaf@hatena.ne.jp,subscribed,2018-09-23,2017-12-09
377,Ira,icamblinag@drupal.org,subscribed,2017-12-06,2017-10-17
378,Tobiah,tlamburnah@ibm.com,subscribed,2017-10-30,2017-12-08
379,Harold,hdoumerqueai@dropbox.com,subscribed,2018-09-23,2018-04-11
380,Christiana,ccrowtheaj@nationalgeographic.com,subscribed,2018-06-23,2018-06-16
381,Yurik,yhamblingak@hhs.gov,subscribed,2018-02-23,2018-01-04
382,Anya,atattersillal@e-recht24.de,subscribed,2017-12-10,2018-04-13
383,Lorinda,lhurnam@free.fr,subscribed,2018-05-14,2018-02-04
384,Alister,avarvellan@army.mil,subscribed,2018-04-19,2017-12-27
385,Tabina,tscuffhamao@google.es,subscribed,2018-08-11,2018-04-19
386,Georgine,gmatejap@wikimedia.org,subscribed,2018-01-10,2018-07-13
387,Forest,fduplockaq@aboutads.info,subscribed,2018-05-23,2018-02-18
388,Donny,dseigniorar@upenn.edu,subscribed,2018-02-08,2017-10-27
389,Diann,dwilderas@furl.net,subscribed,2017-10-26,2018-03-13
390,Nathanael,ncarekat@clickbank.net,subscribed,2018-04-04,2018-03-25
391,Babs,bmcgarvieau@vimeo.com,subscribed,2018-09-15,2017-11-09
392,Rasla,rsheadav@about.me,subscribed,2018-09-09,2018-03-22
393,Freddie,flusheraw@redcross.org,subscribed,2018-02-10,2018-05-25
394,Jemimah,jrobelowax@wunderground.com,subscribed,2018-02-16,2017-11-19
395,Bab,breihillay@123-reg.co.uk,subscribed,2018-02-02,2017-11-18
396,Eveleen,egrissaz@naver.com,subscribed,2017-11-28,2018-09-21
397,Codi,cmacareeb0@rakuten.co.jp,subscribed,2018-02-18,2018-07-24
398,Inge,imeneyerb1@hhs.gov,subscribed,2018-06-08,2018-02-25
399,Rolph,rpetreb2@google.ru,subscribed,2018-07-23,2018-07-19
400,Shane,scucuzzab3@gravatar.com,subscribed,2018-03-30,2017-11-17
401,Burlie,bribab4@surveymonkey.com,subscribed,2017-10-28,2018-07-20
402,Florrie,fduferieb5@sourceforge.net,subscribed,2018-02-16,2018-09-14
403,Tim,tlafayetteb6@surveymonkey.com,subscribed,2018-01-30,2018-06-23
404,Lynette,lroukeb7@hostgator.com,subscribed,2018-04-07,2018-03-01
405,Dede,daucuttb8@google.fr,subscribed,2018-09-27,2017-11-26
406,Dona,dslogroveb9@businessinsider.com,subscribed,2018-08-30,2018-01-20
407,Forster,frobakba@friendfeed.com,subscribed,2018-04-08,2018-03-26
408,Rickie,rsalandinobb@salon.com,subscribed,2017-12-05,2018-02-26
409,Hillel,hventambc@comcast.net,subscribed,2018-09-21,2018-04-13
410,Dede,dpetchebd@fema.gov,subscribed,2018-06-24,2017-12-20
411,Georges,gacklandsbe@un.org,subscribed,2018-02-03,2018-02-20
412,Dom,dbardillbf@phpbb.com,subscribed,2018-02-06,2018-09-19
413,Pammy,pferrigebg@pinterest.com,subscribed,2017-11-17,2017-12-03
414,Freddie,fpaolettibh@google.com,subscribed,2018-02-01,2018-06-18
415,Jerrold,jeltonbi@mit.edu,subscribed,2018-03-10,2018-07-08
416,Jonis,jsummonsbj@twitpic.com,subscribed,2018-02-19,2018-06-08
417,Rowland,rmelbournebk@si.edu,subscribed,2017-12-29,2017-12-05
418,Brana,blamondbl@harvard.edu,subscribed,2018-06-25,2017-11-15
419,Shay,skleehuhlerbm@alexa.com,subscribed,2017-12-06,2018-01-26
420,Raynor,renrigobn@deliciousdays.com,subscribed,2018-08-01,2017-12-19
421,Cullan,ccraigmylebo@geocities.com,subscribed,2018-06-10,2018-09-10
422,Mikaela,movitzbp@weather.com,subscribed,2017-10-27,2018-02-16
423,Ursula,ureapbq@nsw.gov.au,subscribed,2018-09-03,2018-09-01
424,Beniamino,bcosgreavebr@fotki.com,subscribed,2018-03-19,2018-07-07
425,Eberto,ecouserbs@disqus.com,subscribed,2018-01-31,2018-07-15
426,Herve,hwestropebt@lycos.com,subscribed,2018-05-24,2017-10-08
427,Brooks,brikkardbu@csmonitor.com,subscribed,2018-08-19,2018-03-25
428,Hamel,hpepinbv@digg.com,subscribed,2018-09-07,2018-03-16
429,Madelina,mjeenesbw@surveymonkey.com,subscribed,2018-06-22,2018-04-20
430,Simeon,sferneybx@simplemachines.org,subscribed,2018-03-04,2018-06-03
431,Gaynor,ggeeveby@constantcontact.com,subscribed,2018-01-16,2018-08-25
432,Aila,abirdwhistellbz@whitehouse.gov,subscribed,2017-12-08,2017-10-26
433,Betteanne,bphidginc0@thetimes.co.uk,subscribed,2018-05-09,2018-03-15
434,Barton,bdetoilec1@howstuffworks.com,subscribed,2018-09-25,2018-01-16
435,Dicky,devittsc2@google.com.hk,subscribed,2018-09-22,2018-04-17
436,Neila,nterrenc3@123-reg.co.uk,subscribed,2018-07-28,2018-02-20
437,Linnea,lmantc4@webmd.com,subscribed,2018-05-08,2017-10-03
438,Pauly,pswitlandc5@free.fr,subscribed,2018-09-16,2017-10-27
439,Maryrose,msidlowc6@stanford.edu,subscribed,2018-07-14,2018-07-29
440,Tamarra,tcameranac7@tinyurl.com,subscribed,2017-11-23,2018-01-27
441,Tandi,tfigurac8@spiegel.de,subscribed,2017-12-10,2018-02-14
442,Licha,larendsc9@paypal.com,subscribed,2018-01-12,2018-08-11
443,Waylon,wsantinoca@archive.org,subscribed,2018-08-03,2018-06-04
444,Walt,wschwandtcb@businesswire.com,subscribed,2018-06-17,2018-09-19
445,Thurston,tdillewaycc@opera.com,subscribed,2018-05-17,2018-07-17
446,Brice,bkelbycd@bluehost.com,subscribed,2017-10-14,2018-03-22
447,Fayette,fgierckece@jugem.jp,subscribed,2017-11-21,2017-10-16
448,Benedikt,bskaifcf@addthis.com,subscribed,2018-03-23,2017-11-07
449,Glyn,gfawlocg@google.co.jp,subscribed,2018-06-30,2018-07-28
450,Reamonn,rricketch@goo.gl,subscribed,2017-11-16,2017-11-03
451,Quinlan,qhollyarci@simplemachines.org,subscribed,2017-10-03,2018-06-10
452,Madelena,mmccombecj@over-blog.com,subscribed,2017-10-10,2017-12-16
453,Julio,jpageck@fda.gov,subscribed,2018-06-22,2018-04-23
454,Edlin,ebrackcl@thetimes.co.uk,subscribed,2018-03-15,2017-12-13
455,Colette,cclaigecm@dagondesign.com,subscribed,2017-12-07,2018-06-12
456,Andriana,aaptedcn@smh.com.au,subscribed,2018-04-16,2018-05-05
457,Roberta,rlayburnco@hostgator.com,subscribed,2018-09-24,2018-04-07
458,Frederik,flantophcp@360.cn,subscribed,2018-03-21,2018-04-25
459,Sibella,sbaylaycq@quantcast.com,subscribed,2018-08-17,2017-10-08
460,Heidi,hbrandicr@globo.com,subscribed,2017-11-10,2017-10-26
461,Randie,rvondracekcs@miibeian.gov.cn,subscribed,2018-05-07,2017-11-06
462,Bill,bwidmorect@fastcompany.com,subscribed,2017-12-03,2018-09-25
463,Tore,tbroadwaycu@altervista.org,subscribed,2018-04-03,2017-10-15
464,Rustin,rdickensoncv@desdev.cn,subscribed,2018-03-08,2018-03-09
465,Maje,mganforthcw@gravatar.com,subscribed,2018-09-04,2017-11-01
466,Bride,bcoonihancx@cornell.edu,subscribed,2018-01-22,2018-02-16
467,Kirby,kcorkillcy@fastcompany.com,subscribed,2018-07-22,2018-08-28
468,Lloyd,lperrotcz@stanford.edu,subscribed,2017-12-18,2018-02-03
469,Art,aashcroftd0@1688.com,subscribed,2018-05-28,2018-05-01
470,Brianne,bjappd1@ustream.tv,subscribed,2018-08-11,2018-01-11
471,Nappie,nclemond2@topsy.com,subscribed,2018-01-21,2018-07-01
472,Erhart,edyerd3@1688.com,subscribed,2018-08-10,2018-08-23
473,Edie,esanhamd4@fc2.com,subscribed,2018-04-22,2018-07-17
474,Adamo,apollend5@psu.edu,subscribed,2017-11-24,2018-07-15
475,Tommie,tleavesleyd6@gmpg.org,subscribed,2018-02-28,2018-01-04
476,Griffin,gstlouisd7@sciencedirect.com,subscribed,2018-04-02,2018-07-17
477,Albrecht,aduckelsd8@sciencedaily.com,subscribed,2018-06-21,2017-11-13
478,Aurore,apedycand9@wsj.com,subscribed,2018-01-17,2018-06-13
479,Ilyssa,igamilda@google.cn,subscribed,2018-03-10,2018-09-02
480,Fritz,ffoxalldb@yolasite.com,subscribed,2018-02-15,2017-12-24
481,Paula,pjulyandc@sitemeter.com,subscribed,2017-11-12,2018-08-31
482,Liesa,lburfootdd@ovh.net,subscribed,2018-01-28,2017-11-10
483,Anna-diana,acostelloede@upenn.edu,subscribed,2017-10-08,2018-01-05
484,Conroy,cpurveydf@oracle.com,subscribed,2018-02-12,2018-09-09
485,Lara,ltucselldg@google.pl,subscribed,2018-05-20,2018-04-06
486,Lyn,lredihalghdh@opensource.org,subscribed,2017-10-17,2018-04-09
487,Billye,bdooguedi@usgs.gov,subscribed,2018-01-13,2018-04-03
488,Bud,bguarindj@clickbank.net,subscribed,2018-07-30,2018-02-28
489,Emeline,eaikenheaddk@buzzfeed.com,subscribed,2017-10-07,2017-12-24
490,Amandie,amacfaydendl@usgs.gov,subscribed,2017-12-06,2018-01-27
491,Jonathan,jbrambledm@narod.ru,subscribed,2018-09-15,2018-01-31
492,Gigi,gnavarredn@nyu.edu,subscribed,2018-01-12,2018-05-06
493,Anne,afuidgedo@wiley.com,subscribed,2017-11-15,2017-11-10
494,Alf,agrecedp@typepad.com,subscribed,2017-11-04,2018-07-25
495,Kai,khartgilldq@infoseek.co.jp,subscribed,2018-05-12,2018-05-31
496,Beatriz,bmaffidr@soundcloud.com,subscribed,2018-07-26,2018-08-24
497,Shaina,ssabatierds@wordpress.com,subscribed,2018-06-02,2018-04-27
498,Pace,pchallicombedt@sciencedaily.com,subscribed,2018-06-30,2017-11-28
499,Warren,wdorotdu@digg.com,subscribed,2017-12-22,2018-04-09
500,Juanita,jcromptondv@histats.com,subscribed,2018-08-22,2018-06-16
501,Garth,gbastabledw@infoseek.co.jp,subscribed,2017-11-16,2018-08-18
502,Evaleen,eadnamsdx@smugmug.com,subscribed,2017-10-15,2017-12-11
503,Alys,afaucettdy@usnews.com,subscribed,2018-08-14,2018-05-29
504,Gunar,gstickellsdz@sakura.ne.jp,subscribed,2018-08-20,2018-08-27
505,Anneliese,astoboe0@soup.io,subscribed,2018-05-10,2018-06-11
506,Bertie,btripette1@nasa.gov,subscribed,2018-01-07,2018-07-20
507,Abrahan,areade2@prweb.com,subscribed,2018-03-10,2018-08-15
508,Sandro,sdayshe3@hugedomains.com,subscribed,2018-02-07,2018-03-24
509,Leeland,lmcilroye4@usda.gov,subscribed,2018-07-08,2018-01-27
510,Marion,mgilphillane5@comsenz.com,subscribed,2017-12-16,2017-10-04
511,Lin,larendse6@ovh.net,subscribed,2018-03-09,2017-11-06
512,Niki,nbarnwille7@ucoz.com,subscribed,2017-10-09,2018-05-04
513,Anne,aperete8@prlog.org,subscribed,2018-01-14,2017-12-18
514,Travus,tpiercye9@diigo.com,subscribed,2018-07-26,2018-07-27
515,Ericka,edunthornea@usnews.com,subscribed,2017-12-21,2018-06-07
516,Carlos,cmcgloughlineb@newyorker.com,subscribed,2018-07-29,2018-01-07
517,Darrel,ddruittec@rambler.ru,subscribed,2018-05-24,2017-12-05
518,Daisey,deasleaed@google.com.au,subscribed,2017-10-11,2018-06-06
519,Gerhardt,ggaskallee@chicagotribune.com,subscribed,2017-12-22,2018-05-07
520,Rhys,rcruceef@google.nl,subscribed,2018-08-11,2018-05-05
521,Jerry,jjirekeg@archive.org,subscribed,2017-11-04,2018-01-13
522,Alon,aohoeyeh@wikimedia.org,subscribed,2018-05-02,2017-10-30
523,Elsey,efleemanei@1688.com,subscribed,2018-03-10,2018-02-15
524,Bethena,bhazlewoodej@thetimes.co.uk,subscribed,2018-05-25,2018-03-17
525,Hoyt,hvinsenek@github.io,subscribed,2018-07-20,2018-05-23
526,Craig,cmcaviyel@miibeian.gov.cn,subscribed,2018-06-28,2018-02-10
527,Mollee,mrheadem@scientificamerican.com,subscribed,2018-09-26,2018-01-14
528,Justinian,jairlieen@reference.com,subscribed,2018-08-27,2018-01-17
529,Erik,emalkineo@freewebs.com,subscribed,2017-10-27,2018-02-11
530,Herculie,hbedowep@topsy.com,subscribed,2017-11-16,2018-01-11
531,Evelyn,esamuelseq@cloudflare.com,subscribed,2017-11-20,2017-10-02
532,Taite,toleshuniner@howstuffworks.com,subscribed,2017-11-17,2018-08-28
533,Abelard,amelladewes@flavors.me,subscribed,2018-01-25,2018-01-24
534,Molly,mmelrosset@furl.net,subscribed,2017-12-02,2018-05-14
535,Jermaine,jtoraldeu@rediff.com,subscribed,2017-12-04,2018-03-12
536,Freddi,fmethvenev@over-blog.com,subscribed,2018-03-23,2018-04-08
537,Violette,vgreguoliew@fastcompany.com,subscribed,2018-09-16,2017-12-30
538,Lucias,leatttokex@bing.com,subscribed,2018-05-15,2017-10-08
539,North,ngerrieey@reference.com,subscribed,2018-02-05,2018-08-10
540,Bentley,bbranchettez@businessweek.com,subscribed,2017-11-11,2018-04-30
541,Cooper,ccubittf0@list-manage.com,subscribed,2018-07-23,2017-11-01
542,Hildegaard,hcowlardf1@goo.ne.jp,subscribed,2018-01-21,2018-01-25
543,Sherri,spizeyf2@msu.edu,subscribed,2018-02-12,2018-07-06
544,Flore,fmorantf3@rakuten.co.jp,subscribed,2018-03-28,2018-02-19
545,Rebecca,rhaythornf4@bloomberg.com,subscribed,2017-12-26,2017-12-16
546,Edmund,ecastelijnf5@theglobeandmail.com,subscribed,2018-06-29,2018-04-26
547,Cilka,cecclestonf6@liveinternet.ru,subscribed,2018-04-10,2018-04-26
548,Laural,lripponf7@dailymotion.com,subscribed,2018-01-30,2017-12-07
549,Marion,mtremethackf8@github.io,subscribed,2017-10-01,2018-04-30
550,Larine,lmcclenanf9@mysql.com,subscribed,2017-10-08,2018-03-12
551,Dylan,dshadboltfa@nih.gov,subscribed,2017-10-10,2018-02-21
552,Jenifer,jdottridgefb@tamu.edu,subscribed,2018-05-17,2018-09-06
553,Melli,mkeppfc@g.co,subscribed,2018-07-06,2017-10-25
554,Ransom,rconnoldfd@google.ca,subscribed,2018-02-02,2018-01-25
555,Zacherie,zvancefe@delicious.com,subscribed,2018-08-26,2018-09-12
556,Libbey,llearnedff@unesco.org,subscribed,2017-10-08,2018-05-26
557,Jess,jbidewellfg@infoseek.co.jp,subscribed,2018-01-20,2017-11-11
558,Martin,mallanfh@free.fr,subscribed,2018-02-02,2018-02-13
559,Franky,fgostykefi@comcast.net,subscribed,2018-01-23,2018-03-10
560,Stevena,sdrewsonfj@amazonaws.com,subscribed,2018-06-03,2018-04-28
561,Kitti,kpresideyfk@altervista.org,subscribed,2018-02-21,2018-01-20
562,Worth,wgoldinfl@clickbank.net,subscribed,2017-10-12,2018-04-18
563,Tallie,tbengoughfm@msn.com,subscribed,2018-05-12,2018-08-18
564,Coletta,ccoyfn@whitehouse.gov,subscribed,2018-05-21,2018-04-14
565,Gelya,ghearnamanfo@tinypic.com,subscribed,2018-02-18,2018-02-12
566,Griff,gkillefp@columbia.edu,subscribed,2018-05-14,2018-01-17
567,Merilyn,mhuckefq@cbc.ca,subscribed,2018-09-10,2018-01-17
568,Bronnie,bfeldfr@businessweek.com,subscribed,2018-04-13,2017-12-27
569,Prudi,pduthiefs@wikispaces.com,subscribed,2018-07-27,2017-11-21
570,Norby,ndiveft@who.int,subscribed,2018-05-15,2018-05-09
571,Brucie,bduddingfu@miibeian.gov.cn,subscribed,2018-02-26,2018-07-21
572,Sheree,sgroomebridgefv@pcworld.com,subscribed,2018-06-08,2018-03-29
573,Lilith,lpetriefw@loc.gov,subscribed,2018-08-09,2018-05-30
574,Gayelord,glettenfx@nymag.com,subscribed,2018-07-31,2018-08-27
575,Nina,nmellishfy@gravatar.com,subscribed,2018-05-18,2017-10-12
576,Judye,jhalladfz@techcrunch.com,subscribed,2018-07-23,2017-10-11
577,Nelia,nwalczakg0@prweb.com,subscribed,2018-01-12,2018-03-08
578,Donnajean,dklosg1@yahoo.co.jp,subscribed,2018-09-11,2018-06-24
579,Karisa,kclaibourng2@harvard.edu,subscribed,2018-04-05,2017-12-03
580,Bernie,bsawerg3@spiegel.de,subscribed,2018-05-30,2018-01-04
581,Alfie,abowmerg4@columbia.edu,subscribed,2018-09-11,2018-09-18
582,Di,dlumsdeng5@delicious.com,subscribed,2018-06-08,2018-04-03
583,Cooper,cstittg6@hao123.com,subscribed,2018-09-12,2018-06-20
584,Torry,trickaertg7@mozilla.com,subscribed,2018-07-12,2018-09-28
585,Garwin,gcocklieg8@ebay.co.uk,subscribed,2018-07-19,2018-06-28
586,Durant,danlayg9@pen.io,subscribed,2018-03-07,2018-07-04
587,Osbert,oblandamorega@posterous.com,subscribed,2017-12-27,2018-03-10
588,Goldia,glarcieregb@myspace.com,subscribed,2018-01-17,2018-08-18
589,Norean,nshiltongc@oaic.gov.au,subscribed,2018-05-21,2018-04-27
590,Benedicta,bmenicogd@wiley.com,subscribed,2017-11-10,2018-09-04
591,Scot,sjagerge@163.com,subscribed,2018-05-14,2017-12-07
592,Kit,kparadisgf@samsung.com,subscribed,2018-05-10,2017-11-22
593,Gabriel,gkingzethgg@xrea.com,subscribed,2017-10-08,2017-11-01
594,Englebert,ekondratyukgh@amazon.de,subscribed,2018-02-20,2018-03-10
595,Skell,slenormandgi@nps.gov,subscribed,2018-08-25,2018-09-20
596,Katina,kovendengj@apple.com,subscribed,2018-03-03,2018-08-30
597,Gram,ggeldergk@omniture.com,subscribed,2018-05-17,2018-09-22
598,Starlene,smcpartlingl@theglobeandmail.com,subscribed,2018-05-25,2017-10-09
599,Berkly,bviccarygm@biglobe.ne.jp,subscribed,2018-08-30,2018-09-01
600,Kriste,kabramzongn@china.com.cn,subscribed,2017-10-06,2018-03-31
601,Harley,hfehnersgo@xinhuanet.com,subscribed,2018-01-09,2018-05-18
602,Allyson,apaigegp@macromedia.com,subscribed,2018-06-09,2018-07-13
603,Deni,dbonsongq@businessweek.com,subscribed,2017-10-06,2018-06-16
604,Evie,ehusbandsgr@ehow.com,subscribed,2017-11-15,2017-12-15
605,Inez,ipipetgs@com.com,subscribed,2018-04-17,2018-04-01
606,Isabelita,iklimschgt@ning.com,subscribed,2018-08-26,2018-02-15
607,Anny,aeallesgu@myspace.com,subscribed,2018-08-12,2018-02-26
608,Kacie,kamerighigv@google.it,subscribed,2017-10-08,2018-07-09
609,Barbabas,bsesonsgw@webmd.com,subscribed,2018-07-02,2018-08-11
610,Nertie,nhatfieldgx@mediafire.com,subscribed,2018-08-09,2018-05-04
611,Ros,rnippergy@amazon.co.jp,subscribed,2018-05-29,2017-11-25
612,Tye,tfairsgz@amazon.com,subscribed,2017-12-22,2018-02-17
613,Ambrose,arehmeh0@friendfeed.com,subscribed,2018-05-03,2018-03-11
614,Sibylla,sgilchresth1@123-reg.co.uk,subscribed,2017-12-24,2017-10-08
615,Jannelle,jduckerh2@twitter.com,subscribed,2018-02-11,2017-12-04
616,Colan,chamnerh3@example.com,subscribed,2018-01-08,2018-06-05
617,Henderson,htretheweyh4@apple.com,subscribed,2017-11-15,2018-03-30
618,Sergeant,sprangnellh5@geocities.com,subscribed,2017-10-01,2018-01-23
619,Kari,krenzoh6@macromedia.com,subscribed,2018-03-13,2017-11-19
620,Alleyn,apenfoldh7@nifty.com,subscribed,2018-09-21,2018-02-11
621,Gianna,gmacmenamyh8@friendfeed.com,subscribed,2018-09-25,2018-05-17
622,Marta,mbissh9@seattletimes.com,subscribed,2018-06-23,2018-07-15
623,Winny,wodoranha@lulu.com,subscribed,2018-02-28,2018-05-15
624,Val,vpartingtonhb@technorati.com,subscribed,2018-03-27,2018-03-14
625,Egon,edarkehc@weebly.com,subscribed,2018-05-10,2018-05-30
626,Jeff,jbartelethd@google.pl,subscribed,2018-09-08,2017-12-12
627,Kial,kkenafaquehe@acquirethisname.com,subscribed,2018-08-23,2017-12-13
628,Tobit,tcouthardhf@senate.gov,subscribed,2018-08-01,2018-03-13
629,Kora,ktheakstonhg@blogs.com,subscribed,2018-08-17,2018-07-05
630,Carolan,cmulvanyhh@engadget.com,subscribed,2018-01-16,2018-02-19
631,Drucy,dskellionhi@google.it,subscribed,2018-06-02,2018-03-09
632,Virgie,vseathwrighthj@cisco.com,subscribed,2018-09-24,2018-02-18
633,Loise,lweisshk@wp.com,subscribed,2018-06-05,2018-01-23
634,Reggy,rstablerhl@hubpages.com,subscribed,2018-06-24,2017-10-27
635,Torrence,tgeffehm@tuttocitta.it,subscribed,2018-03-21,2018-04-11
636,Osbourn,oshoorbrookehn@biblegateway.com,subscribed,2018-07-10,2018-07-10
637,Alec,ailyinykhho@usnews.com,subscribed,2018-09-03,2018-03-19
638,Tobi,trowlinsonhp@patch.com,subscribed,2017-12-23,2018-08-20
639,Ingeborg,isolesburyhq@netlog.com,subscribed,2017-11-15,2018-02-15
640,Juliette,jmerrimanhr@sogou.com,subscribed,2018-01-09,2018-05-21
641,Rriocard,rslymanhs@woothemes.com,subscribed,2018-03-18,2017-11-21
642,Dorine,dgreddenht@pcworld.com,subscribed,2018-03-27,2018-02-07
643,Bette,bgrimwoodhu@ibm.com,subscribed,2017-10-08,2017-10-02
644,Melisent,mgrimsdykehv@answers.com,subscribed,2018-05-12,2018-04-23
645,Gaven,ghannibalhw@github.io,subscribed,2018-01-25,2017-12-09
646,Kaylee,kpaviourhx@51.la,subscribed,2018-01-12,2018-08-29
647,Yvonne,ystookeshy@cocolog-nifty.com,subscribed,2018-05-02,2018-07-31
648,Connor,cregardsoehz@wisc.edu,subscribed,2018-01-31,2018-09-16
649,Kizzie,kveeversi0@twitpic.com,subscribed,2018-04-15,2018-04-07
650,Arabele,afawthorpei1@pbs.org,subscribed,2017-12-23,2018-03-23
651,Keen,kbrabhami2@va.gov,subscribed,2018-07-20,2018-06-23
652,Gipsy,gsebirei3@123-reg.co.uk,subscribed,2018-02-05,2018-09-08
653,Wendye,wdamiatai4@prnewswire.com,subscribed,2017-11-13,2018-08-31
654,Dew,dferraronei5@ftc.gov,subscribed,2017-12-13,2018-08-23
655,Beauregard,bmoverleyi6@wikispaces.com,subscribed,2018-08-30,2018-07-15
656,Teodoro,tmasedoni7@opensource.org,subscribed,2017-11-21,2018-07-07
657,Catherine,collarenshawi8@goo.gl,subscribed,2018-08-20,2018-08-29
658,Sashenka,smeriti9@apache.org,subscribed,2018-02-09,2017-11-12
659,Tamar,ttodeoia@indiegogo.com,subscribed,2018-06-10,2018-03-28
660,Susanetta,sblencoeib@vk.com,subscribed,2018-07-06,2017-10-10
661,Kermie,kgreveic@webs.com,subscribed,2017-12-24,2018-07-05
662,Barrie,bespadateid@ihg.com,subscribed,2018-09-23,2018-08-06
663,Todd,tpaulie@sfgate.com,subscribed,2018-04-25,2017-12-02
664,Karisa,kclayworthif@adobe.com,subscribed,2017-12-07,2018-03-06
665,Carlo,calowayig@disqus.com,subscribed,2017-10-12,2018-02-27
666,Marsiella,mweatherhillih@princeton.edu,subscribed,2017-11-07,2018-08-25
667,Nissa,nalesinii@miibeian.gov.cn,subscribed,2017-11-21,2018-05-06
668,Vick,vrekesij@lulu.com,subscribed,2018-04-17,2018-08-04
669,Marcy,mredmanik@un.org,subscribed,2018-01-23,2018-03-27
670,Felic,fscothorneil@gnu.org,subscribed,2018-06-20,2018-09-27
671,Owen,odahlborgim@godaddy.com,subscribed,2017-10-02,2018-04-29
672,Luella,ljandelin@eepurl.com,subscribed,2018-09-13,2018-07-08
673,Carny,cgillisonio@reddit.com,subscribed,2017-12-05,2017-10-01
674,Rob,rcurnockip@nydailynews.com,subscribed,2018-05-04,2018-09-08
675,Sheelagh,scomminiq@who.int,subscribed,2018-07-28,2018-04-22
676,Maxi,mniesegenir@ameblo.jp,subscribed,2018-09-08,2017-11-15
677,Nelson,nghidettiis@twitter.com,subscribed,2018-04-13,2018-03-18
678,Vally,vgawkrogeit@people.com.cn,subscribed,2017-12-13,2017-10-31
679,Fiorenze,fhanburybrowniu@msu.edu,subscribed,2018-02-19,2018-04-13
680,Thomas,tshooteriv@columbia.edu,subscribed,2018-07-08,2018-05-23
681,Mersey,mtrebbettiw@dyndns.org,subscribed,2018-08-02,2018-02-18
682,Jeannette,jpahlix@feedburner.com,subscribed,2018-01-09,2017-10-04
683,Juan,jamissiy@thetimes.co.uk,subscribed,2018-09-20,2018-08-28
684,Daniel,dcapelowiz@dyndns.org,subscribed,2017-10-17,2017-10-03
685,Boyd,bgreigj0@fema.gov,subscribed,2018-06-02,2017-11-05
686,Lebbie,lmcgriffinj1@oaic.gov.au,subscribed,2018-01-06,2018-04-28
687,Karil,kruttyj2@ft.com,subscribed,2018-02-05,2018-09-20
688,Hamil,hreddanj3@disqus.com,subscribed,2017-10-31,2018-03-22
689,Birk,bkightlyj4@xing.com,subscribed,2017-12-22,2017-10-21
690,Noella,ngreerj5@nba.com,subscribed,2018-07-30,2018-06-18
691,Aili,aiacomellij6@whitehouse.gov,subscribed,2018-01-19,2017-12-24
692,Mufi,medonj7@surveymonkey.com,subscribed,2017-12-07,2017-12-27
693,Riannon,rgrayerj8@army.mil,subscribed,2017-10-16,2018-05-30
694,Aldis,afarressj9@zdnet.com,subscribed,2018-06-13,2018-06-23
695,Suzy,sjanatkaja@utexas.edu,subscribed,2018-07-03,2018-01-04
696,Brandy,bpenberthyjb@jugem.jp,subscribed,2018-07-28,2018-08-05
697,Angelique,ahenkejc@google.pl,subscribed,2018-06-17,2018-05-17
698,Orrin,ocainejd@hc360.com,subscribed,2017-11-26,2017-12-12
699,Chip,csigwardje@nsw.gov.au,subscribed,2018-09-02,2018-07-21
700,Cosmo,cswaytonjf@imgur.com,subscribed,2018-07-06,2017-12-16
701,Susan,sneachelljg@psu.edu,subscribed,2017-10-08,2018-05-09
702,Christian,ckilmasterjh@theglobeandmail.com,subscribed,2017-11-03,2018-05-12
703,Sal,sdionisettoji@rakuten.co.jp,subscribed,2018-03-19,2017-12-29
704,Modestia,mgilstinjj@csmonitor.com,subscribed,2018-06-09,2018-01-04
705,Pippo,pmacalorenjk@bizjournals.com,subscribed,2017-10-27,2017-11-20
706,Merwyn,mwainmanjl@yandex.ru,subscribed,2018-02-01,2018-05-04
707,Lil,lyeldonjm@uol.com.br,subscribed,2018-09-16,2018-07-27
708,Ransell,rsickertjn@hhs.gov,subscribed,2018-08-01,2017-12-19
709,Coralyn,cjimesjo@goo.gl,subscribed,2017-12-27,2017-12-10
710,Karie,kkesbyjp@tamu.edu,subscribed,2018-09-09,2018-04-17
711,Margalo,mlammersjq@mashable.com,subscribed,2018-08-26,2018-03-09
712,Abbie,aheazeljr@netlog.com,subscribed,2018-08-04,2018-07-16
713,Ysabel,yenrichjs@java.com,subscribed,2017-12-05,2018-04-06
714,Carey,cdivisekjt@narod.ru,subscribed,2017-10-30,2018-08-31
715,Samson,smandreyju@trellian.com,subscribed,2018-02-14,2017-10-30
716,Iver,ibidderjv@webnode.com,subscribed,2017-11-10,2017-10-11
717,Gussi,gleftbridgejw@aol.com,subscribed,2017-10-20,2018-09-09
718,Inna,isleetjx@earthlink.net,subscribed,2017-11-21,2018-04-26
719,Alexandros,amcgaugiejy@qq.com,subscribed,2018-07-09,2018-05-03
720,Sidney,sguerrierjz@ocn.ne.jp,subscribed,2018-07-23,2018-04-16
721,Skyler,ssimekk0@alexa.com,subscribed,2018-07-08,2018-08-27
722,Pavlov,pcrocombek1@oakley.com,subscribed,2018-09-25,2017-10-21
723,Kirk,kmcanek2@blogtalkradio.com,subscribed,2018-08-07,2018-03-13
724,Meagan,mcravenk3@trellian.com,subscribed,2018-07-01,2018-09-21
725,Tracey,tcoulesk4@unblog.fr,subscribed,2018-02-01,2018-02-06
726,Dorie,ddivinyk5@economist.com,subscribed,2018-01-15,2018-08-24
727,Lorri,lbondyk6@aboutads.info,subscribed,2018-06-01,2018-07-18
728,Maure,mmacallisterk7@ocn.ne.jp,subscribed,2018-04-13,2018-04-12
729,Auroora,amabbk8@51.la,subscribed,2018-04-19,2017-12-12
730,Gabby,gboldisonk9@cbslocal.com,subscribed,2018-01-29,2017-12-29
731,Jodie,jriccettika@list-manage.com,subscribed,2018-02-24,2018-08-16
732,Dena,ddunabiekb@paginegialle.it,subscribed,2018-05-31,2017-12-28
733,Lauree,lnormadellkc@nationalgeographic.com,subscribed,2017-11-09,2018-03-26
734,Hart,hbentsonkd@histats.com,subscribed,2017-10-14,2017-10-30
735,Gayler,granyke@opensource.org,subscribed,2018-02-16,2017-11-10
736,Trumann,tcronkf@ovh.net,subscribed,2018-06-28,2018-06-15
737,Darleen,dcaulderkg@feedburner.com,subscribed,2018-03-17,2017-11-12
738,Bev,bguittetkh@domainmarket.com,subscribed,2017-11-01,2017-11-28
739,Anica,ahegdonneki@oaic.gov.au,subscribed,2018-06-18,2018-07-04
740,Edvard,eagglionekj@csmonitor.com,subscribed,2018-04-13,2018-06-07
741,Charmain,ctiernankk@is.gd,subscribed,2018-01-22,2018-02-24
742,Roarke,rjewellkl@wufoo.com,subscribed,2018-05-18,2018-01-22
743,Margaretta,mtanslykm@naver.com,subscribed,2018-04-22,2018-02-26
744,Randall,rarrandalekn@jiathis.com,subscribed,2017-10-11,2018-08-07
745,Freida,fgorckeko@prweb.com,subscribed,2017-12-06,2017-12-01
746,Selma,sstanwaykp@mac.com,subscribed,2017-12-07,2017-11-15
747,Loren,loldroydekq@ft.com,subscribed,2018-06-01,2018-09-12
748,Carmela,ckemmettkr@stumbleupon.com,subscribed,2018-07-31,2018-07-13
749,Raquel,rwalkinshawks@youku.com,subscribed,2018-08-06,2018-01-07
750,Forster,fpickworthkt@merriam-webster.com,subscribed,2018-02-25,2018-04-24
751,Burnard,bmariaku@amazon.co.uk,subscribed,2017-11-26,2018-01-27
752,Alfy,adadsonkv@alexa.com,subscribed,2018-03-31,2018-02-05
753,Constantino,clonghornkw@ted.com,subscribed,2018-04-18,2017-11-19
754,Vinny,vmaskellkx@princeton.edu,subscribed,2018-06-30,2018-09-18
755,Garnet,gtimnyky@wp.com,subscribed,2017-11-23,2018-06-20
756,Osmond,oprudencekz@bigcartel.com,subscribed,2018-03-14,2018-04-18
757,Tomasine,tzanninil0@cpanel.net,subscribed,2018-04-02,2018-02-08
758,Gwendolyn,gbollinsl1@amazonaws.com,subscribed,2018-04-04,2018-04-09
759,Brannon,btumbeltyl2@cnn.com,subscribed,2018-04-25,2017-12-24
760,Anne,alotonl3@geocities.com,unsubscribed,2018-09-19,2017-10-17
761,Odelia,oskyrml4@samsung.com,unsubscribed,2018-08-07,2018-07-11
762,Starlin,sperrymanl5@surveymonkey.com,unsubscribed,2018-06-28,2018-02-07
763,Dorelle,dsaycel6@comsenz.com,unsubscribed,2018-07-05,2018-03-18
764,Amara,adorranl7@blogger.com,unsubscribed,2017-10-01,2017-10-29
765,Leelah,lradnagel8@europa.eu,unsubscribed,2018-02-22,2018-04-17
766,Veronica,vdorwardl9@nymag.com,unsubscribed,2018-06-16,2017-11-20
767,Vanna,vschistlla@bbc.co.uk,unsubscribed,2018-01-11,2018-01-28
768,Ernst,epartricklb@virginia.edu,unsubscribed,2018-09-24,2018-06-15
769,Jordan,jskeemorlc@fema.gov,unsubscribed,2018-02-09,2018-02-11
770,Vaughan,vpyleld@livejournal.com,unsubscribed,2018-02-28,2018-01-20
771,Prinz,pplomerle@ted.com,unsubscribed,2018-05-26,2018-05-14
772,Chaddy,chirchelf@wisc.edu,unsubscribed,2018-05-03,2018-08-19
773,Webster,wblaisdalelg@yandex.ru,unsubscribed,2017-10-30,2018-06-27
774,Pooh,parrollh@alibaba.com,unsubscribed,2018-06-10,2018-07-05
775,Danell,dyounghusbandli@accuweather.com,unsubscribed,2018-09-29,2017-10-01
776,Myron,msomervillelj@mlb.com,unsubscribed,2018-02-18,2018-01-03
777,Petronille,parguilelk@google.nl,unsubscribed,2017-10-16,2018-06-13
778,Vaughn,vdyblell@behance.net,unsubscribed,2018-05-04,2018-08-19
779,Prudy,pmardelm@cbslocal.com,unsubscribed,2018-08-20,2018-08-02
780,Cathee,csaintln@list-manage.com,unsubscribed,2017-10-30,2018-03-12
781,Russ,rmclanaghanlo@slate.com,unsubscribed,2017-10-03,2018-04-02
782,Iolande,iarmitagelp@squidoo.com,unsubscribed,2018-09-21,2017-12-17
783,Evelina,eallredlq@nsw.gov.au,unsubscribed,2017-11-14,2018-03-30
784,Julie,jbeckelr@friendfeed.com,unsubscribed,2017-10-07,2018-07-13
785,Cariotta,cphipardshearsls@thetimes.co.uk,unsubscribed,2017-11-20,2018-04-15
786,Romola,rhodintonlt@forbes.com,unsubscribed,2018-03-24,2017-11-22
787,Margarette,mmoxsteadlu@seesaa.net,unsubscribed,2018-04-03,2018-03-03
788,Alexandra,adinsalelv@desdev.cn,unsubscribed,2018-03-03,2018-07-31
789,Willy,wbattesonlw@unesco.org,unsubscribed,2018-02-02,2018-06-06
790,Kelby,krosingdalllx@msu.edu,unsubscribed,2018-06-26,2017-12-13
791,Katine,kgoffly@nationalgeographic.com,unsubscribed,2018-04-16,2018-01-04
792,Gaby,gstrikerlz@blogs.com,unsubscribed,2017-10-08,2018-03-13
793,Ermanno,eespinazom0@multiply.com,unsubscribed,2018-05-29,2017-11-27
794,James,jdambrogiom1@latimes.com,unsubscribed,2018-04-12,2018-09-06
795,Iago,ishowlm2@deliciousdays.com,unsubscribed,2017-12-06,2018-06-20
796,Domini,dphilpaultm3@bing.com,unsubscribed,2017-11-06,2018-08-07
797,Nappy,nfainm4@java.com,unsubscribed,2018-02-27,2018-05-17
798,Cristina,cmerrellm5@bigcartel.com,unsubscribed,2018-08-17,2018-07-08
799,Brianna,bsteffensm6@icio.us,unsubscribed,2018-02-26,2018-08-16
800,Candida,ccomiskeym7@archive.org,unsubscribed,2017-11-19,2017-11-17
801,Delora,dheatheringtonm8@redcross.org,unsubscribed,2018-09-24,2018-05-10
802,Craggy,cforesm9@devhub.com,unsubscribed,2018-05-23,2018-03-14
803,Dorothea,ddulakema@domainmarket.com,unsubscribed,2017-11-04,2018-01-28
804,Lowe,lphytheanmb@netlog.com,unsubscribed,2018-09-23,2017-12-09
805,Kimberlee,khulbertmc@indiatimes.com,unsubscribed,2018-06-20,2018-09-20
806,Porty,pchastanmd@hugedomains.com,unsubscribed,2018-07-06,2018-03-06
807,Bernie,bevequeme@deliciousdays.com,unsubscribed,2017-11-21,2018-08-03
808,Jennifer,jprotheromf@sogou.com,unsubscribed,2018-04-10,2018-02-09
809,Antonietta,achevolleaumg@woothemes.com,unsubscribed,2018-01-13,2018-09-25
810,Lyndy,ltolputtmh@sakura.ne.jp,unsubscribed,2018-04-26,2017-12-09
811,Dannel,dminshallmi@arizona.edu,unsubscribed,2017-12-24,2018-09-19
812,Oliviero,omathonnetmj@simplemachines.org,unsubscribed,2017-11-21,2018-01-06
813,Tiffany,thaistwellmk@techcrunch.com,unsubscribed,2017-11-06,2017-10-10
814,Dahlia,dkohlermanml@fastcompany.com,unsubscribed,2018-06-14,2017-12-01
815,Ted,talderseymm@sfgate.com,unsubscribed,2017-10-21,2017-10-19
816,Briggs,blevingtonmn@soup.io,unsubscribed,2018-02-08,2018-09-01
817,Haywood,heckersleymo@goo.gl,unsubscribed,2018-04-29,2018-02-14
818,Heddie,hhartlandmp@devhub.com,unsubscribed,2017-12-11,2018-05-27
819,Denis,dgoscombmq@godaddy.com,unsubscribed,2018-06-13,2018-09-28
820,Joete,jgerdesmr@bbc.co.uk,unsubscribed,2018-06-07,2018-07-22
821,Lotta,ltodeoms@nhs.uk,unsubscribed,2018-09-27,2018-06-04
822,Xever,xcallinanmt@usda.gov,unsubscribed,2017-11-20,2018-08-26
823,Woodie,wjewkesmu@gizmodo.com,unsubscribed,2017-10-09,2018-04-20
824,Andi,ajennionsmv@microsoft.com,unsubscribed,2017-12-18,2018-05-03
825,Dollie,djakubovitchmw@meetup.com,unsubscribed,2018-09-09,2017-10-18
826,Doug,dgruszkamx@taobao.com,unsubscribed,2018-05-05,2017-12-09
827,Zuzana,zcausnettmy@ocn.ne.jp,unsubscribed,2018-06-19,2018-02-21
828,Corey,cmahedymz@zimbio.com,unsubscribed,2017-12-01,2017-11-10
829,Dene,dtrunchionn0@reverbnation.com,unsubscribed,2017-12-30,2018-01-22
830,Brooks,bpurslown1@nsw.gov.au,unsubscribed,2017-12-07,2018-01-23
831,Nadean,ngallegon2@ox.ac.uk,unsubscribed,2017-12-04,2018-07-25
832,Barnard,bhatton3@go.com,unsubscribed,2018-08-18,2018-01-12
833,Deborah,ddissmann4@stumbleupon.com,unsubscribed,2018-03-25,2017-10-23
834,Catharina,ceverixn5@icq.com,unsubscribed,2018-03-11,2018-06-04
835,Joseph,jmacdonnelln6@bbc.co.uk,unsubscribed,2018-09-25,2018-06-07
836,Cosimo,csothebyn7@unesco.org,unsubscribed,2018-04-25,2018-05-23
837,Normand,nscreetonn8@census.gov,unsubscribed,2018-05-01,2017-11-25
838,Merlina,mpauleitn9@cyberchimps.com,unsubscribed,2017-12-13,2018-03-29
839,Goldi,gdarlastonna@lulu.com,unsubscribed,2017-11-06,2018-01-11
840,Philipa,pcullingfordnb@t-online.de,unsubscribed,2017-11-07,2018-02-17
841,Morgun,mcruftsnc@shop-pro.jp,unsubscribed,2018-02-15,2018-04-28
842,Beitris,bschwantnd@paypal.com,unsubscribed,2018-02-25,2017-10-11
843,Zelma,zwinnyne@hubpages.com,unsubscribed,2018-09-22,2018-08-15
844,Kerk,kswinfennf@senate.gov,unsubscribed,2018-07-26,2018-03-07
845,Any,abodmanng@bizjournals.com,unsubscribed,2018-01-14,2017-12-24
846,Estell,ebailissnh@wunderground.com,unsubscribed,2017-12-02,2017-12-30
847,Rafaello,rmellmothni@nih.gov,unsubscribed,2017-12-06,2017-10-26
848,Marya,mkilminsternj@slideshare.net,unsubscribed,2018-05-17,2018-01-28
849,Sauveur,srulfnk@webs.com,unsubscribed,2018-03-11,2018-03-23
850,Bale,bstitnl@creativecommons.org,unsubscribed,2017-10-02,2018-04-19
851,Gabrielle,gwallbridgenm@eventbrite.com,unsubscribed,2018-06-21,2018-01-15
852,Ase,acardenosann@earthlink.net,unsubscribed,2018-05-06,2018-06-03
853,Fields,fbaudessonno@gmpg.org,unsubscribed,2018-06-09,2018-03-21
854,Corie,clortznp@marriott.com,unsubscribed,2018-09-08,2018-06-28
855,Trevar,tdidellonq@infoseek.co.jp,unsubscribed,2018-08-08,2018-07-09
856,Lance,lmaclisenr@chronoengine.com,unsubscribed,2018-05-18,2017-10-08
857,Sandy,saustenns@irs.gov,unsubscribed,2018-05-13,2018-01-16
858,Franchot,fyoulesnt@google.com.br,unsubscribed,2018-05-07,2018-05-28
859,Doris,dbutterwicknu@wikipedia.org,unsubscribed,2018-06-25,2018-07-18
860,Andriette,aplessingnv@disqus.com,unsubscribed,2018-03-24,2018-07-16
861,Basile,bscimonenw@youtube.com,unsubscribed,2017-12-15,2018-08-30
862,Patience,palessandrettinx@gravatar.com,unsubscribed,2017-11-27,2017-11-06
863,Caprice,cdransfieldny@bloomberg.com,unsubscribed,2018-03-28,2018-02-18
864,Joanne,jenzleynz@symantec.com,unsubscribed,2018-04-12,2018-09-13
865,Lucho,lmcgreyo0@furl.net,unsubscribed,2018-02-28,2018-04-15
866,Humbert,hbeniono1@ucoz.ru,unsubscribed,2018-09-29,2018-09-18
867,Jephthah,jpittolio2@nhs.uk,unsubscribed,2018-01-27,2018-07-06
868,Charmain,ctwentymano3@yellowbook.com,unsubscribed,2017-10-25,2018-08-10
869,Xylia,xgrafhomo4@wordpress.com,unsubscribed,2018-02-14,2018-03-02
870,Theo,tamblero5@amazonaws.com,unsubscribed,2018-05-12,2018-02-21
871,Celle,csimkoo6@cocolog-nifty.com,unsubscribed,2017-10-22,2018-04-19
872,Arne,aorraho7@elegantthemes.com,unsubscribed,2018-01-05,2018-03-08
873,Frederik,fpycocko8@bluehost.com,unsubscribed,2018-03-22,2017-12-06
874,Juliana,jfeaveero9@google.com.br,unsubscribed,2018-01-02,2017-10-09
875,Rahel,rcordsenoa@weibo.com,unsubscribed,2017-11-04,2018-09-08
876,Sherrie,sgoldsberryob@latimes.com,unsubscribed,2018-09-17,2018-06-06
877,Rose,rsollowayeoc@smugmug.com,unsubscribed,2018-09-18,2017-10-11
878,Darleen,dteazod@arstechnica.com,unsubscribed,2018-04-16,2017-12-14
879,Branden,balbanyoe@jalbum.net,unsubscribed,2018-03-29,2018-09-27
880,Nevile,nsimpkissof@theglobeandmail.com,unsubscribed,2018-03-15,2017-10-15
881,Wolfy,wgabbitusog@google.de,unsubscribed,2017-12-20,2018-02-09
882,Vonnie,vscramageoh@so-net.ne.jp,unsubscribed,2017-11-18,2018-04-03
883,Alma,ataverneroi@odnoklassniki.ru,unsubscribed,2018-07-19,2018-05-23
884,Chlo,cspickoj@domainmarket.com,unsubscribed,2018-09-05,2018-03-25
885,Liv,lsugarmanok@mediafire.com,unsubscribed,2018-07-13,2017-12-28
886,Hastings,hlilfordol@npr.org,unsubscribed,2018-01-29,2018-09-19
887,Armstrong,alovelessom@time.com,unsubscribed,2018-07-25,2018-07-18
888,Ansel,adedrickon@google.es,unsubscribed,2018-09-06,2017-10-11
889,Berkeley,bisittoo@hud.gov,unsubscribed,2018-04-24,2018-01-03
890,Daloris,dlovelaceop@ftc.gov,unsubscribed,2017-11-11,2018-08-01
891,Joyann,jgaudinoq@huffingtonpost.com,unsubscribed,2018-07-22,2018-03-03
892,Brittani,bcolemanor@msu.edu,unsubscribed,2018-04-08,2017-10-20
893,Seana,swetherillos@ifeng.com,unsubscribed,2017-12-08,2018-03-08
894,Thorin,tmccarlieot@icq.com,unsubscribed,2018-02-25,2018-03-14
895,Julie,jbartholatou@163.com,unsubscribed,2018-08-01,2017-11-24
896,Eugenie,etremellingov@imageshack.us,unsubscribed,2018-09-16,2018-02-09
897,Kaitlyn,khuckerbeow@cnn.com,unsubscribed,2018-08-01,2018-05-29
898,Far,fslydeox@parallels.com,unsubscribed,2018-04-08,2017-10-27
899,Corissa,cfurmstonoy@parallels.com,unsubscribed,2018-04-11,2017-10-27
900,Had,hvereckeroz@who.int,unsubscribed,2018-07-27,2018-08-30
901,Mathe,mduignanp0@issuu.com,unsubscribed,2018-01-28,2017-12-11
902,Ivan,icordellp1@businessweek.com,unsubscribed,2018-06-08,2018-05-04
903,Buck,bvarcoep2@tuttocitta.it,unsubscribed,2018-03-17,2018-01-18
904,Brynne,bpinfoldp3@theatlantic.com,unsubscribed,2017-10-28,2017-11-10
905,Thane,tderricop4@unesco.org,unsubscribed,2017-10-08,2017-09-30
906,Anderea,atipplerp5@arstechnica.com,unsubscribed,2018-05-28,2018-01-21
907,Rhys,rschwanderp6@bloglovin.com,unsubscribed,2018-08-22,2017-12-29
908,Brandtr,bcardenosap7@springer.com,unsubscribed,2018-07-26,2017-11-14
909,Andras,abulliventp8@ft.com,unsubscribed,2017-12-01,2018-03-27
910,Anica,acabralesp9@linkedin.com,unsubscribed,2017-12-24,2018-01-30
911,Madelon,mcodypa@dailymail.co.uk,unsubscribed,2018-01-18,2018-02-04
912,Dianne,drickersypb@cpanel.net,unsubscribed,2018-07-10,2018-02-05
913,Eleonora,efowdenpc@wufoo.com,unsubscribed,2018-01-09,2018-04-05
914,Bartlett,bolnerpd@slideshare.net,unsubscribed,2018-06-12,2018-05-28
915,Kitti,kgiamettipe@tumblr.com,unsubscribed,2017-11-08,2018-03-29
916,Bibbie,bbramahpf@ask.com,unsubscribed,2018-04-24,2018-01-06
917,Bastian,bpautepg@cornell.edu,unsubscribed,2017-10-02,2017-10-12
918,Leanora,lbessettph@devhub.com,unsubscribed,2018-05-18,2018-07-27
919,Norman,ndranfieldpi@timesonline.co.uk,unsubscribed,2018-03-04,2017-12-21
920,Madelle,mphilpotspj@google.com.au,unsubscribed,2018-04-25,2018-03-25
921,Heywood,hstutepk@hc360.com,unsubscribed,2018-05-22,2018-09-27
922,Leanna,ldantuonipl@chron.com,unsubscribed,2018-09-07,2017-12-18
923,Lorelei,ltorrecillapm@edublogs.org,unsubscribed,2017-11-20,2018-07-05
924,Ruy,rgoompn@apple.com,unsubscribed,2018-07-30,2018-02-11
925,Fawne,fsansomepo@icio.us,unsubscribed,2018-06-05,2018-01-25
926,Early,eogrowganepp@ustream.tv,unsubscribed,2017-12-07,2018-05-06
927,See,sdudbridgepq@wunderground.com,unsubscribed,2018-04-30,2018-08-19
928,Duff,dhollyarpr@fda.gov,unsubscribed,2018-01-08,2018-07-25
929,Gerrie,gpearcyps@ifeng.com,unsubscribed,2018-04-26,2018-05-19
930,Roberta,rtinklinpt@blogs.com,unsubscribed,2017-12-29,2018-05-25
931,Annabella,abrillpu@domainmarket.com,unsubscribed,2018-05-28,2018-08-28
932,Addy,atimmermannpv@infoseek.co.jp,unsubscribed,2017-12-31,2018-03-12
933,Steffane,sebberspw@dyndns.org,unsubscribed,2017-12-02,2018-01-21
934,Warner,wgrishuninpx@google.pl,unsubscribed,2018-09-08,2018-05-08
935,Patti,prollspy@google.it,unsubscribed,2018-08-20,2018-01-07
936,Emmeline,ebertolinpz@weebly.com,unsubscribed,2018-07-31,2018-02-23
937,Aeriela,abassilashviliq0@pagesperso-orange.fr,unsubscribed,2018-03-10,2017-10-15
938,Ernst,ebanceq1@nih.gov,unsubscribed,2018-09-02,2018-09-24
939,Kassie,kamorineq2@slideshare.net,unsubscribed,2017-12-01,2018-09-20
940,Gaston,gbreartonq3@google.nl,unsubscribed,2017-10-10,2018-09-09
941,Trenton,tboichq4@washington.edu,unsubscribed,2017-10-06,2018-07-15
942,Benn,bsammutq5@feedburner.com,unsubscribed,2018-05-19,2018-06-12
943,Kendricks,kbardsleyq6@zimbio.com,unsubscribed,2018-08-26,2018-03-03
944,Loydie,lsquierq7@omniture.com,unsubscribed,2018-04-18,2017-12-15
945,Elianora,emarchettiq8@go.com,unsubscribed,2018-07-14,2018-05-13
946,Denna,dgauntq9@gov.uk,unsubscribed,2018-08-07,2018-08-07
947,Lenette,lprestieqa@omniture.com,unsubscribed,2017-12-04,2017-12-14
948,Gaspar,gpikhnoqb@creativecommons.org,unsubscribed,2018-08-03,2018-02-14
949,Gris,gshawdforthqc@hubpages.com,unsubscribed,2018-01-09,2018-09-15
950,Hally,hcurtinqd@weather.com,unsubscribed,2018-06-20,2018-07-20
951,Myrah,mmunseyqe@cisco.com,unsubscribed,2018-09-01,2018-04-21
952,Dareen,dcammiemileqf@usatoday.com,unsubscribed,2018-02-10,2017-10-26
953,Dirk,dharvardqg@imdb.com,unsubscribed,2017-10-07,2018-03-12
954,Lenka,lvokesqh@blinklist.com,unsubscribed,2018-01-25,2018-05-16
955,Rina,rhobbemaqi@slashdot.org,unsubscribed,2017-11-29,2018-09-27
956,Trever,tbrunelliqj@fc2.com,unsubscribed,2018-04-01,2018-09-05
957,Danyette,ddillandqk@i2i.jp,unsubscribed,2017-12-24,2018-02-27
958,Gris,gshevlinql@dell.com,unsubscribed,2018-01-01,2018-02-10
959,Ken,kparmiterqm@mtv.com,unsubscribed,2018-05-09,2018-06-25
960,Claretta,cmcffadenqn@phoca.cz,unsubscribed,2018-05-13,2017-10-30
961,Misti,mwylemanqo@arizona.edu,unsubscribed,2018-03-30,2017-12-01
962,Eugenio,ecovellqp@example.com,unsubscribed,2017-12-03,2018-02-09
963,Ceciley,cpretswellqq@phpbb.com,unsubscribed,2017-10-16,2018-06-30
964,Elayne,eballchinqr@ning.com,unsubscribed,2018-01-25,2017-12-21
965,Clint,cshoebrookqs@wiley.com,unsubscribed,2018-06-05,2018-01-15
966,Lynn,ldrowsfieldqt@cam.ac.uk,unsubscribed,2017-11-26,2018-02-07
967,Tawsha,tredmirequ@wix.com,unsubscribed,2018-09-24,2017-10-06
968,Worden,wdallqv@nifty.com,unsubscribed,2018-04-09,2018-02-28
969,Tamiko,tmaylardqw@nature.com,unsubscribed,2018-01-26,2018-01-21
970,Reinhold,rbrimmingqx@wikipedia.org,unsubscribed,2018-08-19,2017-10-21
971,Dudley,dkoberaqy@google.com.br,unsubscribed,2017-12-02,2018-07-24
972,Garry,gcaigerqz@acquirethisname.com,unsubscribed,2018-03-02,2017-11-14
973,Janella,jjirekr0@ustream.tv,unsubscribed,2018-04-24,2018-06-13
974,Tiebold,tsigfridr1@wisc.edu,unsubscribed,2018-05-07,2018-02-12
975,Jemie,jhardwayr2@de.vu,unsubscribed,2018-08-19,2017-11-14
976,Thia,tparhamr3@soundcloud.com,unsubscribed,2018-09-06,2017-11-02
977,Desi,dgrunbaumr4@ted.com,unsubscribed,2017-12-26,2017-11-17
978,Penrod,parendtr5@amazon.co.jp,unsubscribed,2017-10-22,2018-02-04
979,Carolus,cblyr6@utexas.edu,unsubscribed,2018-07-21,2018-01-26
980,Lilli,lspightr7@ifeng.com,unsubscribed,2018-07-27,2017-11-06
981,Troy,tkillingbeckr8@ibm.com,unsubscribed,2018-06-23,2018-02-22
982,Irving,imathwenr9@icio.us,unsubscribed,2017-10-09,2018-06-17
983,Beatrisa,bblossra@ameblo.jp,unsubscribed,2018-06-10,2018-06-01
984,Chan,ctowheyrb@disqus.com,unsubscribed,2017-11-11,2018-05-30
985,Otto,ohiddyrc@about.com,unsubscribed,2018-03-23,2018-08-17
986,Dulcie,dmacfaddenrd@hatena.ne.jp,unsubscribed,2018-08-26,2018-07-07
987,Lenette,lbanatre@ft.com,unsubscribed,2017-11-10,2018-06-20
988,Fancy,fartissrf@w3.org,unsubscribed,2017-11-06,2018-05-20
989,Emmy,ecatonrg@google.com.hk,unsubscribed,2018-08-17,2017-11-05
990,Sabina,sschrirrh@china.com.cn,unsubscribed,2018-04-22,2018-09-15
991,Sonny,sdustri@ca.gov,unsubscribed,2018-05-09,2018-03-23
992,Amata,agaymerrj@opera.com,unsubscribed,2018-02-10,2018-07-01
993,Dannye,dmckeatingrk@dell.com,unsubscribed,2018-08-19,2018-06-24
994,Jose,jsavilrl@berkeley.edu,unsubscribed,2017-10-05,2018-08-14
995,Legra,lolechnowiczrm@wired.com,unsubscribed,2017-12-22,2018-05-12
996,Evaleen,eraoultrn@t-online.de,unsubscribed,2018-06-11,2018-08-13
997,Kean,kambergro@washington.edu,unsubscribed,2018-01-17,2018-07-26
998,Aylmer,asolwayrp@quantcast.com,unsubscribed,2018-07-14,2018-04-16
999,Stephana,srossboroughrq@livejournal.com,unsubscribed,2018-04-02,2018-04-06
1000,Gay,gtolsonrr@yandex.ru,unsubscribed,2018-03-13,2017-12-21
